SI,Date,Plant Day Gen (KWh),Inverter Day Gen (KWh),Diff (Plant-Inverter) Day Gen (KWh),Total Gen (KWh),Controlled PR (%),Uncontrolled PR (%)
1,01/01/2022,1603.71,1199.66,404.05,818276.22,0,0
2,02/01/2022,982.24,1369.56,-387.31,819258.47,0,0
3,03/01/2022,2580.23,2625,-44.77,821838.7,0,0
4,04/01/2022,2236.74,2272,-35.26,824075.44,0,0
5,05/01/2022,2131.33,2144,-12.67,826206.77,0,0
6,06/01/2022,3098.53,3151,-52.47,829305.3,0,0
7,07/01/2022,2801.22,2848,-46.78,832106.52,0,0
8,08/01/2022,2108.45,2141,-32.55,834214.97,0,0
9,09/01/2022,423.5,429,-5.5,834638.47,0,0
10,10/01/2022,2993.57,3045,-51.43,837632.04,0,0
11,11/01/2022,3043.7,3098,-54.3,840675.74,0,0
12,12/01/2022,2570.14,2612,-41.86,843245.88,0,0
13,13/01/2022,408.66,415,-6.34,843654.54,0,0
14,14/01/2022,634.07,644,-9.93,844288.61,0,0
15,15/01/2022,486.48,494,-7.52,844775.09,0,0
16,16/01/2022,389.44,395,-5.56,845164.53,0,0
17,17/01/2022,2744.01,2789,-44.99,847908.54,0,0
18,18/01/2022,2720.13,2764,-43.87,850628.66,0,0
19,19/01/2022,3232.42,3285,-52.58,853861.09,0,0
20,20/01/2022,3175.16,3226,-50.84,857036.24,0,0
21,21/01/2022,3257.88,3315,-57.12,860294.12,0,0
22,22/01/2022,3317.32,3371,-53.68,863611.44,0,0
23,23/01/2022,418.13,427,-8.87,864029.57,0,0
24,24/01/2022,3254.38,3309,-54.62,867283.95,0,0
25,25/01/2022,2935.03,2985,-49.97,870218.98,0,0
26,26/01/2022,484.04,492,-7.96,870703.03,0,0
27,27/01/2022,1968.81,1999,-30.19,872671.84,0,0
28,28/01/2022,1814.09,1844,-29.91,874485.93,0,0
29,29/01/2022,2592.53,2633,-40.47,877078.46,0,0
30,30/01/2022,733.56,742,-8.44,877812.02,0,0
31,31/01/2022,2577.43,2626,-48.57,880389.45,0,0
32,01/02/2022,2725.04,2770,-44.96,883114.49,0,0
33,02/02/2022,3430.98,3492,-61.02,886545.48,0,0
34,03/02/2022,2776.11,2823,-46.89,889321.59,0,0
35,04/02/2022,2811.88,1856.24,955.64,892133.47,0,0
36,05/02/2022,4330.8,2867.79,1463.02,896464.27,0,0
37,06/02/2022,659.28,2819.02,-2159.74,897123.55,0,0
38,07/02/2022,2550.29,2993.95,-443.66,899673.84,0,0
39,08/02/2022,2295.35,2330,-34.65,901969.19,0,0
40,09/02/2022,3555.42,3616,-60.58,905524.61,0,0
41,10/02/2022,3647.71,3713,-65.29,909172.33,0,0
42,11/02/2022,3749,3814,-65,912921.32,0,0
43,12/02/2022,3462.72,3522,-59.28,916384.05,0,0
44,13/02/2022,644.86,655,-10.14,917028.91,0,0
45,14/02/2022,3212.15,3267,-54.85,920241.06,0,0
46,15/02/2022,2720.58,2770,-49.42,922961.64,0,0
47,16/02/2022,3022.64,3074,-51.36,925984.28,0,0
48,17/02/2022,3276.66,3330,-53.34,929260.93,0,0
49,18/02/2022,3211.61,3215.41,-3.79,932472.55,0,0
50,19/02/2022,651.45,2527.59,-1876.15,933124,0,0
51,20/02/2022,1015.53,1034,-18.47,934139.52,0,0
52,21/02/2022,3560.68,3627,-66.32,937700.21,0,0
53,22/02/2022,3274.52,3331,-56.48,940974.73,0,0
54,23/02/2022,3732.44,3803,-70.56,944707.17,0,0
55,24/02/2022,3981,4052,-71,948688.16,0,0
56,25/02/2022,2868.12,1545.41,1322.7,951556.28,0,0
57,26/02/2022,5051.49,4832.29,219.2,956607.77,0,0
58,27/02/2022,1918.39,2966.8,-1048.41,958526.16,0,0
59,28/02/2022,2654.94,3376.5,-721.56,961181.1,0,0
60,01/03/2022,3661.38,0,3661.38,964842.48,0,0
61,02/03/2022,3158,13629,-10471,968000.48,0,0
62,03/03/2022,3354.67,867,2487.67,971355.15,0,0
63,04/03/2022,3708.21,3772,-63.79,975063.36,0,0
64,05/03/2022,3653.12,3718,-64.88,978716.48,0,0
65,06/03/2022,1033.19,1053,-19.81,979749.67,0,0
66,07/03/2022,2269.9,2306,-36.1,982019.56,0,0
67,08/03/2022,2510.2,2549,-38.8,984529.77,0,0
68,09/03/2022,4045.19,4123,-77.81,988574.95,0,0
69,10/03/2022,3918.85,3992,-73.15,992493.81,0,0
70,11/03/2022,4014.41,4092,-77.59,996508.22,0,0
71,12/03/2022,3948.07,4022,-73.93,1000456.29,0,0
72,13/03/2022,1126.66,1147,-20.34,1001582.95,0,0
73,14/03/2022,3717.25,3786,-68.75,1005300.2,0,0
74,15/03/2022,3323.67,3383,-59.33,1008623.88,0,0
75,16/03/2022,3613.42,3428.31,185.11,1012237.3,0,0
76,17/03/2022,3176.09,3486.69,-310.59,1015413.39,0,0
77,18/03/2022,3491.12,3552,-60.88,1018904.51,0,0
78,19/03/2022,3162.17,3220,-57.83,1022066.68,0,0
79,20/03/2022,1801.02,1829,-27.98,1023867.7,0,0
80,21/03/2022,3300.77,3359,-58.23,1027168.47,0,0
81,22/03/2022,2699.15,2743,-43.85,1029867.62,0,0
82,23/03/2022,3300.03,3361,-60.97,1033167.65,0,0
83,24/03/2022,1383.71,1406,-22.29,1034551.36,0,0
84,25/03/2022,2900.34,2952,-51.66,1037451.7,0,0
85,26/03/2022,3231.47,3292,-60.53,1040683.17,0,0
86,27/03/2022,505.55,513,-7.45,1041188.72,0,0
87,28/03/2022,3118.87,2940.5,178.37,1044307.59,0,0
88,29/03/2022,3841.94,3927.78,-85.84,1048149.53,0,0
89,30/03/2022,3457.37,239.72,3217.65,1051606.9,0,0
90,31/03/2022,3113.03,8639.35,-5526.31,1054719.93,0,0
91,01/04/2022,2361.78,3359.54,-997.76,1057081.72,0,0
92,02/04/2022,4125.33,26.11,4099.22,1061207.05,0,0
93,03/04/2022,3737.59,9134,-5396.41,1064944.63,0,0
94,04/04/2022,3536.16,3594,-57.84,1068480.79,0,0
95,05/04/2022,299.46,312,-12.54,1068780.25,0,0
96,06/04/2022,3836.41,3909,-72.59,1072616.66,0,0
97,07/04/2022,3852.27,3921,-68.73,1076468.93,0,0
98,08/04/2022,3359.24,1820,1539.24,1079828.17,0,0
99,09/04/2022,3479.1,6148.35,-2669.25,1083307.27,0,0
100,10/04/2022,914.58,1744.65,-830.06,1084221.86,0,0
101,11/04/2022,3997.98,4073,-75.02,1088219.84,0,0
102,12/04/2022,2927.78,2977,-49.22,1091147.62,0,0
103,13/04/2022,2410.55,2451,-40.45,1093558.17,0,0
104,14/04/2022,411.84,418,-6.16,1093970.01,0,0
105,15/04/2022,3708.09,3563,145.09,1097678.09,0,0
106,16/04/2022,3082.54,6918,-3835.46,1100760.63,0,0
107,17/04/2022,586.55,596,-9.45,1101347.18,0,0
108,18/04/2022,2934.18,2985,-50.82,1104281.36,0,0
109,19/04/2022,3481.11,3542,-60.89,1107762.47,0,0
110,20/04/2022,3810.72,3882,-71.28,1111573.19,0,0
111,21/04/2022,3383.27,3447,-63.73,1114956.46,0,0
112,22/04/2022,3285.89,3347,-61.11,1118242.35,0,0
113,23/04/2022,2405.35,2445,-39.65,1120647.7,0,0
114,24/04/2022,922.49,938,-15.51,1121570.2,0,0
115,25/04/2022,4096.6,4177,-80.4,1125666.8,0,0
116,26/04/2022,3794.04,3864,-69.96,1129460.84,0,0
117,27/04/2022,3919.44,3992,-72.56,1133380.27,0,0
118,28/04/2022,3799.69,3874,-74.31,1137179.96,0,0
119,29/04/2022,3606.43,3670,-63.57,1140786.39,0,0
120,30/04/2022,3652.12,3721,-68.88,1144438.51,0,0
121,01/05/2022,126.49,127,-0.51,1144565,0,0
122,02/05/2022,3305.85,3364,-58.15,1147870.85,0,0
123,03/05/2022,403.3,410,-6.7,1148274.16,0,0
124,04/05/2022,3309.04,3368,-58.96,1151583.2,0,0
125,05/05/2022,2924.52,2979,-54.48,1154507.71,0,0
126,06/05/2022,3281.13,3334,-52.88,1157788.84,0,0
127,07/05/2022,3295.84,3357,-61.16,1161084.67,0,0
128,08/05/2022,519.55,529,-9.45,1161604.22,0,0
129,09/05/2022,3082.04,3129,-46.96,1164686.26,0,0
130,10/05/2022,1400.84,1425,-24.16,1166087.09,0,0
131,11/05/2022,1810.3,1835,-24.7,1167897.4,0,0
132,12/05/2022,1361.56,1383.24,-21.68,1169258.96,0,0
133,13/05/2022,2522.51,2561.76,-39.25,1171781.47,0,0
134,14/05/2022,2821.44,2865,-43.56,1174602.91,0,0
135,15/05/2022,680.84,692,-11.16,1175283.75,0,0
136,16/05/2022,2182.41,2218,-35.59,1177466.16,0,0
137,17/05/2022,2918.85,2969,-50.15,1180385.01,0,0
138,18/05/2022,1681.45,1709,-27.55,1182066.46,0,0
139,19/05/2022,1762.31,1789,-26.69,1183828.77,0,0
140,20/05/2022,3585.03,3642,-56.97,1187413.8,0,0
141,21/05/2022,2921.85,2969,-47.15,1190335.65,0,0
142,22/05/2022,1082.9,1098,-15.1,1191418.55,0,0
143,23/05/2022,3478.24,3536,-57.76,1194896.79,0,0
144,24/05/2022,4026.88,4096,-69.13,1198923.66,0,0
145,25/05/2022,3823.64,3892,-68.36,1202747.3,0,0
146,26/05/2022,3189.48,3247.59,-58.1,1205936.79,0,0
147,27/05/2022,4147.13,4221.41,-74.29,1210083.91,0,0
148,28/05/2022,4070.36,4142,-71.64,1214154.27,0,0
149,29/05/2022,1041.33,1057,-15.67,1215195.6,0,0
150,30/05/2022,3746.54,3814,-67.46,1218942.14,0,0
151,31/05/2022,3149.18,3201,-51.82,1222091.32,0,0
152,01/06/2022,3415.13,3473,-57.88,1225506.45,0,0
153,02/06/2022,3463.76,3523,-59.24,1228970.2,0,0
154,03/06/2022,3842.91,3911,-68.09,1232813.11,0,0
155,04/06/2022,3768.35,3837,-68.65,1236581.46,0,0
156,05/06/2022,1344.78,1368,-23.22,1237926.24,0,0
157,06/06/2022,3527.01,3585,-57.99,1241453.25,0,0
158,07/06/2022,3185.75,3242,-56.25,1244639,0,0
159,08/06/2022,3900,3966,-66,1248539,0,0
160,09/06/2022,3427.5,3487,-59.5,1251966.5,0,0
161,10/06/2022,3555.09,3611,-55.91,1255521.59,0,0
162,11/06/2022,3923.18,3990,-66.82,1259444.77,0,0
163,12/06/2022,1332.37,1354,-21.63,1260777.14,0,0
164,13/06/2022,3411.7,3472,-60.3,1264188.84,0,0
165,14/06/2022,4044.3,4115,-70.7,1268233.14,0,0
166,15/06/2022,2879.05,2927,-47.95,1271112.19,0,0
167,16/06/2022,3159.63,3212,-52.38,1274271.81,0,0
168,17/06/2022,3705.69,3773,-67.31,1277977.5,0,0
169,18/06/2022,2564.13,2609,-44.88,1280541.63,0,0
170,19/06/2022,1778.14,1806.22,-28.08,1282319.77,0,0
171,20/06/2022,3217.72,3267.78,-50.06,1285537.48,0,0
172,21/06/2022,2786.25,2830,-43.75,1288323.73,0,0
173,22/06/2022,2323.55,2359,-35.45,1290647.28,0,0
174,23/06/2022,2753.78,2798,-44.22,1293401.06,0,0
175,24/06/2022,3625.97,3685,-59.03,1297027.03,0,0
176,25/06/2022,2665.31,2706,-40.69,1299692.34,0,0
177,26/06/2022,279.88,283,-3.13,1299972.22,0,0
178,27/06/2022,3054.98,3102,-47.02,1303027.2,0,0
179,28/06/2022,3358.59,3412,-53.41,1306385.8,0,0
180,29/06/2022,3799.2,3859,-59.8,1310185,0,0
181,30/06/2022,3051.02,3100,-48.98,1313236.02,0,0
182,01/07/2022,3664.44,3723,-58.56,1316900.45,0,0
183,02/07/2022,2302.19,2337,-34.81,1319202.64,0,0
184,03/07/2022,672.09,684,-11.91,1319874.73,0,0
185,04/07/2022,1917.99,1947,-29.01,1321792.72,0,0
186,05/07/2022,1954.01,1985,-30.99,1323746.73,0,0
187,06/07/2022,1224.44,1245,-20.56,1324971.17,0,0
188,07/07/2022,2227.13,2262,-34.88,1327198.3,0,0
189,08/07/2022,2512.53,2551,-38.47,1329710.83,0,0
190,09/07/2022,1830.14,1856,-25.86,1331540.97,0,0
191,10/07/2022,1469.63,1495,-25.38,1333010.59,0,0
192,11/07/2022,2378.45,2410,-31.55,1335389.05,0,0
193,12/07/2022,2785.13,2828,-42.88,1338174.17,0,0
194,13/07/2022,2870.94,2914,-43.06,1341045.11,0,0
195,14/07/2022,2308.63,2343,-34.38,1343353.73,0,0
196,15/07/2022,2719.47,2758,-38.53,1346073.2,0,0
197,16/07/2022,2762.67,2806,-43.33,1348835.88,0,0
198,17/07/2022,1941.42,1970,-28.58,1350777.3,0,0
199,18/07/2022,2018.02,2051,-32.98,1352795.31,0,0
200,19/07/2022,3824.48,3888,-63.52,1356619.8,0,0
201,20/07/2022,3471.91,3534,-62.09,1360091.7,0,0
202,21/07/2022,3063.25,3115,-51.75,1363154.95,0,0
203,22/07/2022,2641.25,2687,-45.75,1365796.2,0,0
204,23/07/2022,2581.67,2621,-39.33,1368377.88,0,0
205,24/07/2022,708.33,721,-12.67,1369086.2,0,0
206,25/07/2022,3443.44,3497,-53.56,1372529.64,0,0
207,26/07/2022,3110.89,3160,-49.11,1375640.53,0,0
208,27/07/2022,2623.08,2671,-47.92,1378263.61,0,0
209,28/07/2022,3234.53,3290,-55.47,1381498.14,0,0
210,29/07/2022,3267.5,3325,-57.5,1384765.64,0,0
211,30/07/2022,3121.78,3175,-53.22,1387887.42,0,0
212,31/07/2022,489.81,496,-6.19,1388377.23,0,0
213,01/08/2022,2860.36,2917,-56.64,1391237.59,0,0
214,02/08/2022,2831.7,2874,-42.3,1394069.3,0,0
215,03/08/2022,1816.47,1846,-29.53,1395885.77,0,0
216,04/08/2022,1711.75,1742,-30.25,1397597.52,0,0
217,05/08/2022,1591.89,1616,-24.11,1399189.41,0,0
218,06/08/2022,1597.81,1622,-24.19,1400787.22,0,0
219,07/08/2022,380.31,386,-5.69,1401167.53,0,0
220,08/08/2022,2486.42,2521,-34.58,1403653.95,0,0
221,09/08/2022,989.31,986,3.31,1404643.27,0,0
222,10/08/2022,4014.59,4088,-73.41,1408657.86,0,0
223,11/08/2022,3376.94,3426,-49.06,1412034.8,0,0
224,12/08/2022,3016.3,3060,-43.7,1415051.09,0,0
225,13/08/2022,2006.69,2037,-30.31,1417057.78,0,0
226,14/08/2022,1600.83,1620,-19.17,1418658.61,0,0
227,15/08/2022,196.72,204,-7.28,1418855.33,0,0
228,16/08/2022,3567.56,3627,-59.44,1422422.89,0,0
229,17/08/2022,3289,3344,-55,1425711.89,0,0
230,18/08/2022,3276.06,3330,-53.94,1428987.95,0,0
231,19/08/2022,2516.75,2557,-40.25,1431504.7,0,0
232,20/08/2022,2650.03,2696,-45.97,1434154.73,0,0
233,21/08/2022,971.24,986,-14.76,1435125.97,0,0
234,22/08/2022,2778.01,2823,-44.99,1437903.98,0,0
235,23/08/2022,3406.84,3463,-56.16,1441310.83,0,0
236,24/08/2022,3131.02,3187,-55.98,1444441.84,0,0
237,25/08/2022,2608.64,2654,-45.36,1447050.48,0,0
238,26/08/2022,2395.74,2433,-37.26,1449446.22,0,0
239,27/08/2022,2770.47,2821,-50.53,1452216.69,0,0
240,28/08/2022,990.45,1007,-16.55,1453207.14,0,0
241,29/08/2022,2393.56,2435,-41.44,1455600.7,0,0
242,30/08/2022,3373.34,3438,-64.66,1458974.05,0,0
243,31/08/2022,498.66,507,-8.34,1459472.7,0,0
244,01/09/2022,2032.7,2068,-35.3,1461505.41,0,0
245,02/09/2022,2735.7,2784,-48.3,1464241.11,0,0
246,03/09/2022,2951.49,3007,-55.51,1467192.59,0,0
247,04/09/2022,740.91,753,-12.09,1467933.5,0,0
248,05/09/2022,3657.13,3728,-70.88,1471590.63,0,0
249,06/09/2022,2831.11,2885,-53.89,1474421.73,0,0
250,07/09/2022,2493.02,2535,-41.98,1476914.75,0,0
251,08/09/2022,1608.73,1637,-28.27,1478523.48,0,0
252,09/09/2022,2842.64,2890,-47.36,1481366.13,0,0
253,10/09/2022,2333.55,2373,-39.45,1483699.67,0,0
254,11/09/2022,1291.7,1314,-22.3,1484991.38,0,0
255,12/09/2022,3142.86,3193,-50.14,1488134.23,0,0
256,13/09/2022,2888.61,2937,-48.39,1491022.84,0,0
257,14/09/2022,2204.81,2238,-33.19,1493227.66,0,0
258,15/09/2022,1706.2,1738,-31.8,1494933.86,0,0
259,16/09/2022,5723.34,5826,-102.66,1500657.2,0,0
260,17/09/2022,3358.08,3421,-62.92,1504015.28,0,0
261,18/09/2022,326.78,331,-4.22,1504342.06,0,0
262,19/09/2022,2926.66,2979,-52.34,1507268.72,0,0
263,20/09/2022,2944.59,2996,-51.41,1510213.31,0,0
264,21/09/2022,3372.17,3436,-63.83,1513585.48,0,0
265,22/09/2022,3832.66,3903,-70.34,1517418.14,0,0
266,23/09/2022,3837.23,3915.34,-78.1,1521255.38,0,0
267,24/09/2022,3304.33,3366.66,-62.34,1524559.7,0,0
268,25/09/2022,1748.19,1780,-31.81,1526307.89,0,0
269,26/09/2022,2791.75,2845,-53.25,1529099.64,0,0
270,27/09/2022,3234.83,3294,-59.17,1532334.47,0,0
271,28/09/2022,2203.26,2243,-39.74,1534537.73,0,0
272,29/09/2022,2619.19,2663,-43.81,1537156.92,0,0
273,30/09/2022,2437.45,2482,-44.55,1539594.38,0,0
274,01/10/2022,2274.8,2314,-39.2,1541869.17,0,0
275,02/10/2022,456.25,461,-4.75,1542325.42,0,0
276,03/10/2022,2218.14,2257,-38.86,1544543.56,0,0
277,04/10/2022,748.67,761,-12.33,1545292.23,0,0
278,05/10/2022,2519.75,2562,-42.25,1547811.98,0,0
279,06/10/2022,2151.74,2187,-35.26,1549963.72,0,0
280,07/10/2022,3560.13,3623,-62.88,1553523.84,0,0
281,08/10/2022,2505.78,2552,-46.22,1556029.63,0,0
282,09/10/2022,970.89,988,-17.11,1557000.52,0,0
283,10/10/2022,2133.53,2175,-41.47,1559134.05,0,0
284,11/10/2022,2246.58,2286,-39.42,1561380.63,0,0
285,12/10/2022,1880.19,1914,-33.81,1563260.81,0,0
286,13/10/2022,2706.05,2758,-51.95,1565966.86,0,0
287,14/10/2022,2098.74,2139,-40.26,1568065.59,0,0
288,15/10/2022,2560.03,2606,-45.97,1570625.63,0,0
289,16/10/2022,2112.94,2155,-42.06,1572738.56,0,0
290,17/10/2022,2428.82,2473,-44.18,1575167.38,0,0
291,18/10/2022,783.35,792,-8.65,1575950.73,0,0
292,19/10/2022,4009.05,4087,-77.95,1579959.78,0,0
293,20/10/2022,3084.63,3139,-54.38,1583044.41,0,0
294,21/10/2022,2388.02,1206.01,1182.01,1585432.42,0,0
295,22/10/2022,254.19,1206.01,-951.82,1585686.61,0,0
296,23/10/2022,185.59,1206.01,-1020.41,1585872.2,0,0
297,24/10/2022,533.7,1206.01,-672.31,1586405.91,0,0
298,25/10/2022,263.03,1206.01,-942.98,1586668.94,0,0
299,26/10/2022,3631.33,1206.01,2425.32,1590300.27,0,0
300,27/10/2022,3734.92,1206.01,2528.91,1594035.19,0,0
301,28/10/2022,1793.95,1206.01,587.94,1595829.14,0,0
302,29/10/2022,1792.92,1206.01,586.91,1597622.05,0,0
303,30/10/2022,1792.92,1206.01,586.91,1599414.97,0,0
304,31/10/2022,1792.92,1206.01,586.91,1601207.89,0,0
305,01/11/2022,3084.43,8384.9,-5300.48,1604292.31,0,0
306,02/11/2022,2051.22,2084,-32.78,1606343.53,0,0
307,03/11/2022,1872.56,1908,-35.44,1608216.09,0,0
308,04/11/2022,1900.17,1932,-31.83,1610116.27,0,0
309,05/11/2022,2949.47,3001,-51.53,1613065.73,0,0
310,06/11/2022,574.08,584,-9.92,1613639.81,0,0
311,07/11/2022,3402.73,3466,-63.27,1617042.55,0,0
312,08/11/2022,3218.55,3278,-59.45,1620261.09,0,0
313,09/11/2022,2572.53,2618,-45.47,1622833.63,0,0
314,10/11/2022,2787.44,2840,-52.56,1625621.06,0,0
315,11/11/2022,580.66,591,-10.34,1626201.72,0,0
316,12/11/2022,778.3,796,-17.7,1626980.02,0,0
317,13/11/2022,428.78,438,-9.22,1627408.8,0,0
318,14/11/2022,2586.11,2631,-44.89,1629994.91,0,0
319,15/11/2022,2189.99,2229,-39.01,1632184.89,0,0
320,16/11/2022,3102.25,3158,-55.75,1635287.14,0,0
321,17/11/2022,3249.14,3309,-59.86,1638536.28,0,0
322,18/11/2022,3535.19,3602,-66.81,1642071.47,0,0
323,19/11/2022,2997.58,3051,-53.42,1645069.05,0,0
324,20/11/2022,761.42,773,-11.58,1645830.47,0,0
325,21/11/2022,2865.14,2917,-51.86,1648695.61,0,0
326,22/11/2022,1422.06,1450,-27.94,1650117.67,0,0
327,23/11/2022,1764.81,1795,-30.19,1651882.48,0,0
328,24/11/2022,737.14,754,-16.86,1652619.63,0,0
329,25/11/2022,2523.89,2567,-43.11,1655143.52,0,0
330,26/11/2022,3154.8,3211,-56.2,1658298.31,0,0
331,27/11/2022,803.7,820,-16.3,1659102.02,0,0
332,28/11/2022,2243.38,2284,-40.63,1661345.39,0,0
333,29/11/2022,2398.09,2441,-42.91,1663743.48,0,0
334,30/11/2022,3226.88,3287,-60.13,1666970.36,0,0
335,01/12/2022,1439.94,1465,-25.06,1668410.3,0,0
336,02/12/2022,2567.41,2616,-48.59,1670977.7,0,0
337,03/12/2022,2373.5,2416,-42.5,1673351.2,0,0
338,04/12/2022,728.99,740,-11.01,1674080.19,0,0
339,05/12/2022,2497.09,2543,-45.91,1676577.28,0,0
340,06/12/2022,2353.02,2396,-42.98,1678930.3,0,0
341,07/12/2022,2511.05,2554,-42.95,1681441.34,0,0
342,08/12/2022,2201.88,2239,-37.13,1683643.22,0,0
343,09/12/2022,998.78,1017,-18.22,1684642,0,0
344,10/12/2022,1178.95,1197,-18.05,1685820.95,0,0
345,11/12/2022,417.81,428,-10.19,1686238.77,0,0
346,12/12/2022,1720.53,1750,-29.47,1687959.3,0,0
347,13/12/2022,2190.16,2227,-36.84,1690149.45,0,0
348,14/12/2022,2304.81,2341,-36.19,1692454.27,0,0
349,15/12/2022,3481.75,3546,-64.25,1695936.02,0,0
350,16/12/2022,3511.73,3576,-64.27,1699447.75,0,0
351,17/12/2022,3245.7,3303,-57.3,1702693.45,0,0
352,18/12/2022,1618.74,1644,-25.26,1704312.19,0,0
353,19/12/2022,3175.72,3233,-57.28,1707487.91,0,0
354,20/12/2022,2955.89,3012,-56.11,1710443.8,0,0
355,21/12/2022,3004.5,3056,-51.5,1713448.3,0,0
356,22/12/2022,3517.05,3582,-64.95,1716965.34,0,0
357,23/12/2022,3383.22,3447,-63.78,1720348.56,0,0
358,24/12/2022,3293.5,3355,-61.5,1723642.06,0,0
359,25/12/2022,930.03,946,-15.97,1724572.09,0,0
360,26/12/2022,1355.66,1378,-22.34,1725927.75,0,0
361,27/12/2022,845.59,858,-12.41,1726773.34,0,0
362,28/12/2022,2478.17,2495,-16.83,1729251.52,0,0
363,29/12/2022,3235.95,3239,-3.05,1732487.47,0,0
364,30/12/2022,3402.16,3459,-56.84,1735889.63,0,0
365,31/12/2022,3335.86,3392,-56.14,1739225.48,0,0
366,01/01/2023,1121.08,1134,-12.92,1740346.56,0,0
367,02/01/2023,3401.03,3457,-55.97,1743747.59,0,0
368,03/01/2023,2710.98,2751,-40.02,1746458.58,0,0
369,04/01/2023,2793.55,2835,-41.45,1749252.13,0,0
370,05/01/2023,2157.3,2191,-33.7,1751409.42,0,0
371,06/01/2023,2529.39,2566,-36.61,1753938.81,0,0
372,07/01/2023,2702.59,2742,-39.41,1756641.41,0,0
373,08/01/2023,1546.52,1568,-21.48,1758187.92,0,0
374,09/01/2023,3476.2,3535,-58.8,1761664.13,0,0
375,10/01/2023,3427.75,3480,-52.25,1765091.88,0,0
376,11/01/2023,3611.89,3671,-59.11,1768703.77,0,0
377,12/01/2023,3505.22,3562,-56.78,1772208.98,0,0
378,13/01/2023,3004.41,3051,-46.59,1775213.39,0,0
379,14/01/2023,3326.22,3379,-52.78,1778539.61,0,0
380,15/01/2023,1261.72,1279,-17.28,1779801.33,0,0
381,16/01/2023,361.84,366,-4.16,1780163.17,0,0
382,17/01/2023,307.75,313,-5.25,1780470.92,0,0
383,18/01/2023,1471.69,1495,-23.31,1781942.61,0,0
384,19/01/2023,3407.42,3461,-53.58,1785350.03,0,0
385,20/01/2023,3007.64,3053,-45.36,1788357.67,0,0
386,21/01/2023,2407.19,2445,-37.81,1790764.86,0,0
387,22/01/2023,1583.66,1603,-19.34,1792348.52,0,0
388,23/01/2023,1675.91,1701,-25.09,1794024.42,0,0
389,24/01/2023,2202.11,2237,-34.89,1796226.53,0,0
390,25/01/2023,3333.49,3388,-54.51,1799560.02,0,0
391,26/01/2023,1539.11,1561,-21.89,1801099.13,0,0
392,27/01/2023,3457.63,3515,-57.38,1804556.75,0,0
393,28/01/2023,3266.14,3322,-55.86,1807822.89,0,0
394,29/01/2023,736.73,1407.86,-671.13,1808559.63,0,0
395,30/01/2023,1998.78,1372.14,626.64,1810558.41,0,0
396,31/01/2023,2816.13,2862,-45.88,1813374.53,0,0
397,01/02/2023,2965.25,3006,-40.75,1816339.78,0,0
398,02/02/2023,2289.02,2326,-36.98,1818628.8,0,0
399,03/02/2023,1399.84,1422,-22.16,1820028.64,0,0
400,04/02/2023,3442.5,3502,-59.5,1823471.14,0,0
401,05/02/2023,1318.97,1338,-19.03,1824790.11,0,0
402,06/02/2023,3359.13,3415,-55.88,1828149.23,0,0
403,07/02/2023,3227.09,3283,-55.91,1831376.33,0,0
404,08/02/2023,3167.61,3220,-52.39,1834543.94,0,0
405,09/02/2023,3467.81,3529,-61.19,1838011.75,0,0
406,10/02/2023,3481.59,3541,-59.41,1841493.34,0,0
407,11/02/2023,3556.47,3619,-62.53,1845049.81,0,0
408,12/02/2023,1746.56,1770,-23.44,1846796.38,0,0
409,13/02/2023,3658.22,3723,-64.78,1850454.59,0,0
410,14/02/2023,3633.28,3699,-65.72,1854087.88,0,0
411,15/02/2023,3496.88,3559,-62.13,1857584.75,0,0
412,16/02/2023,3653.5,3718,-64.5,1861238.25,0,0
413,17/02/2023,3685.09,3750,-64.91,1864923.34,0,0
414,18/02/2023,3455.03,3513,-57.97,1868378.38,0,0
415,19/02/2023,543.75,549,-5.25,1868922.13,0,0
416,20/02/2023,3688.56,3757,-68.44,1872610.69,0,0
417,21/02/2023,305.19,309,-3.81,1872915.88,0,0
418,22/02/2023,2887,2938,-51,1875802.88,0,0
419,23/02/2023,4027,4096,-69,1879829.88,0,0
420,24/02/2023,3776.91,3843,-66.09,1883606.78,0,0
421,25/02/2023,3613.88,3679,-65.13,1887220.66,0,0
422,26/02/2023,23.66,23.86,-0.21,1887244.31,0,0
423,27/02/2023,3894.97,3960.14,-65.17,1891139.28,0,0
424,28/02/2023,3695.16,3760,-64.84,1894834.44,0,0
425,01/03/2023,3446.72,3506,-59.28,1898281.16,0,0
426,02/03/2023,3982.75,4053,-70.25,1902263.91,0,0
427,03/03/2023,3923.5,3993,-69.5,1906187.41,0,0
428,04/03/2023,3834.13,3901,-66.88,1910021.53,0,0
429,05/03/2023,1898.13,1923,-24.88,1911919.66,0,0
430,06/03/2023,4010.09,4081,-70.91,1915929.75,0,0
431,07/03/2023,3159.88,3213,-53.13,1919089.63,0,0
432,08/03/2023,3820.06,3883,-62.94,1922909.69,0,0
433,09/03/2023,3372.25,3431,-58.75,1926281.94,0,0
434,10/03/2023,3580,3635,-55,1929861.94,0,0
435,11/03/2023,4046.97,4121,-74.03,1933908.91,0,0
436,12/03/2023,1913.38,1941,-27.63,1935822.28,0,0
437,13/03/2023,3410.13,3467,-56.88,1939232.41,0,0
438,14/03/2023,3621.03,3688,-66.97,1942853.44,0,0
439,15/03/2023,3626.13,3693,-66.88,1946479.56,0,0
440,16/03/2023,2351.72,2389,-37.28,1948831.28,0,0
441,17/03/2023,2901.19,2957,-55.81,1951732.47,0,0
442,18/03/2023,2876.56,2926,-49.44,1954609.03,0,0
443,19/03/2023,792.22,802,-9.78,1955401.25,0,0
444,20/03/2023,3734.78,3796,-61.22,1959136.03,0,0
445,21/03/2023,4099.56,4177,-77.44,1963235.59,0,0
446,22/03/2023,3909.09,3978,-68.91,1967144.69,0,0
447,23/03/2023,3599.53,3668,-68.47,1970744.22,0,0
448,24/03/2023,2983,3035,-52,1973727.22,0,0
449,25/03/2023,2583,2626,-43,1976310.22,0,0
450,26/03/2023,1040.53,1060,-19.47,1977350.75,0,0
451,27/03/2023,3712.81,3779,-66.19,1981063.56,0,0
452,28/03/2023,3525.38,3587,-61.63,1984588.94,0,0
453,29/03/2023,3729.22,3797,-67.78,1988318.16,0,0
454,30/03/2023,2887.75,2941,-53.25,1991205.91,0,0
455,31/03/2023,3451.16,3512,-60.84,1994657.06,0,0
456,01/04/2023,2997.72,3048,-50.28,1997654.78,0,0
457,02/04/2023,1602.41,1627,-24.59,1999257.19,0,0
458,03/04/2023,3559.31,3625,-65.69,2002816.5,0,0
459,04/04/2023,2546.78,2590,-43.22,2005363.28,0,0
460,05/04/2023,3028.91,3081,-52.09,2008392.19,0,0
461,06/04/2023,3328.5,3389,-60.5,2011720.69,0,0
462,07/04/2023,3887.06,3955,-67.94,2015607.75,0,0
463,08/04/2023,3851.03,3918,-66.97,2019458.78,0,0
464,09/04/2023,949.28,967,-17.72,2020408.06,0,0
465,10/04/2023,4107.31,4182,-74.69,2024515.38,0,0
466,11/04/2023,4071.5,4148,-76.5,2028586.88,0,0
467,12/04/2023,4132.06,4208,-75.94,2032718.94,0,0
468,13/04/2023,4036.38,4110,-73.63,2036755.31,0,0
469,14/04/2023,1021.31,1042,-20.69,2037776.63,0,0
470,15/04/2023,1065.94,1083,-17.06,2038842.56,0,0
471,16/04/2023,929.72,944,-14.28,2039772.28,0,0
472,17/04/2023,3929.5,1679,2250.5,2043701.78,0,0
473,18/04/2023,3967.44,6367,-2399.56,2047669.22,0,0
474,19/04/2023,3841.97,3913,-71.03,2051511.19,0,0
475,20/04/2023,3375.75,3434,-58.25,2054886.94,0,0
476,21/04/2023,3351.88,3412,-60.13,2058238.81,0,0
477,22/04/2023,1852.41,1884,-31.59,2060091.22,0,0
478,23/04/2023,3415.94,3476,-60.06,2063507.16,0,0
479,24/04/2023,3717.13,3785,-67.88,2067224.28,0,0
480,25/04/2023,3457.25,3522,-64.75,2070681.53,0,0
481,26/04/2023,3123.5,3177,-53.5,2073805.03,0,0
482,27/04/2023,3586,3651,-65,2077391.03,0,0
483,28/04/2023,3619.88,3685,-65.13,2081010.91,0,0
484,29/04/2023,2356.78,2394,-37.22,2083367.69,0,0
485,30/04/2023,1137.5,1156,-18.5,2084505.19,0,0
486,01/05/2023,1456.19,1479,-22.81,2085961.38,0,0
487,02/05/2023,2927.81,2977,-49.19,2088889.19,0,0
488,03/05/2023,2805.31,2852,-46.69,2091694.5,0,0
489,04/05/2023,3076.25,3129,-52.75,2094770.75,0,0
490,05/05/2023,3016.63,3065,-48.38,2097787.38,0,0
491,06/05/2023,2759.69,2806,-46.31,2100547.06,0,0
492,07/05/2023,785.09,798,-12.91,2101332.16,0,0
493,08/05/2023,2388.5,2427,-38.5,2103720.66,0,0
494,09/05/2023,3566.97,3628,-61.03,2107287.63,0,0
495,10/05/2023,3730.06,3793,-62.94,2111017.69,0,0
496,11/05/2023,3427.59,3487,-59.41,2114445.28,0,0
497,12/05/2023,3720.69,3782,-61.31,2118165.97,0,0
498,13/05/2023,3522.88,3581,-58.13,2121688.84,0,0
499,14/05/2023,846.03,858,-11.97,2122534.88,0,0
500,15/05/2023,4104.5,4176,-71.5,2126639.38,0,0
501,16/05/2023,3901.88,3975,-73.13,2130541.25,0,0
502,17/05/2023,3564.16,3627,-62.84,2134105.41,0,0
503,18/05/2023,2818.66,2868,-49.34,2136924.06,0,0
504,19/05/2023,3444.75,3505,-60.25,2140368.81,0,0
505,20/05/2023,3514.94,3573,-58.06,2143883.75,0,0
506,21/05/2023,775.19,787,-11.81,2144658.94,0,0
507,22/05/2023,3352.25,3408,-55.75,2148011.19,0,0
508,23/05/2023,3463.5,3525,-61.5,2151474.69,0,0
509,24/05/2023,3808.34,3874,-65.66,2155283.03,0,0
510,25/05/2023,3730.22,3795,-64.78,2159013.25,0,0
511,26/05/2023,3847.03,3913,-65.97,2162860.28,0,0
512,27/05/2023,4010.44,4079,-68.56,2166870.72,0,0
513,28/05/2023,1378.16,1400,-21.84,2168248.88,0,0
514,29/05/2023,3137.03,3190,-52.97,2171385.91,0,0
515,30/05/2023,3581.31,3642,-60.69,2174967.22,0,0
516,31/05/2023,3571.59,3634,-62.41,2178538.81,0,0
517,01/06/2023,3924.09,3989,-64.91,2182462.91,0,0
518,02/06/2023,3358.81,3415,-56.19,2185821.72,0,0
519,03/06/2023,3753.13,3817,-63.88,2189574.84,0,0
520,04/06/2023,968.44,983,-14.56,2190543.28,0,0
521,05/06/2023,3735.44,3798,-62.56,2194278.72,0,0
522,06/06/2023,3813.44,3880,-66.56,2198092.16,0,0
523,07/06/2023,3678.03,3741,-62.97,2201770.19,0,0
524,08/06/2023,3884.91,3947,-62.09,2205655.09,0,0
525,09/06/2023,3961.22,4029,-67.78,2209616.31,0,0
526,10/06/2023,3626.97,3684,-57.03,2213243.28,0,0
527,11/06/2023,1647.06,1671,-23.94,2214890.34,0,0
528,12/06/2023,3867.06,3930,-62.94,2218757.41,0,0
529,13/06/2023,3911.41,3977,-65.59,2222668.81,0,0
530,14/06/2023,3771.31,3834,-62.69,2226440.13,0,0
531,15/06/2023,3638.91,3699,-60.09,2230079.03,0,0
532,16/06/2023,4011.44,4082,-70.56,2234090.47,0,0
533,17/06/2023,3443.78,3500,-56.22,2237534.25,0,0
534,18/06/2023,1843.47,1870,-26.53,2239377.72,0,0
535,19/06/2023,1718.38,1747,-28.63,2241096.09,0,0
536,20/06/2023,1492.5,1518,-25.5,2242588.59,0,0
537,21/06/2023,2223.53,2260,-36.47,2244812.13,0,0
538,22/06/2023,3533.75,3592,-58.25,2248345.88,0,0
539,23/06/2023,3147.81,3197,-49.19,2251493.69,0,0
540,24/06/2023,2618.13,2659,-40.88,2254111.81,0,0
541,25/06/2023,1081.28,1096,-14.72,2255193.09,0,0
542,26/06/2023,3004.72,3051,-46.28,2258197.81,0,0
543,27/06/2023,2971.34,3020,-48.66,2261169.16,0,0
544,28/06/2023,3536.13,3589,-52.88,2264705.28,0,0
545,29/06/2023,2759.34,2804,-44.66,2267464.63,0,0
546,30/06/2023,3567.69,3627,-59.31,2271032.31,0,0
547,01/07/2023,3570.38,3624,-53.63,2274602.69,0,0
548,02/07/2023,1596.13,1623,-26.88,2276198.81,0,0
549,03/07/2023,3001.06,3051,-49.94,2279199.88,0,0
550,04/07/2023,2427.06,2463,-35.94,2281626.94,0,0
551,05/07/2023,2300.78,2333,-32.22,2283927.72,0,0
552,06/07/2023,2273.81,2307,-33.19,2286201.53,0,0
553,07/07/2023,2325.13,2361,-35.88,2288526.66,0,0
554,08/07/2023,2345.53,2377,-31.47,2290872.19,0,0
555,09/07/2023,1956.97,1988,-31.03,2292829.16,0,0
556,10/07/2023,2807.84,2851,-43.16,2295637,0,0
557,11/07/2023,1819.31,1847,-27.69,2297456.31,0,0
558,12/07/2023,3525.47,3582,-56.53,2300981.78,0,0
559,13/07/2023,3032.88,3079,-46.13,2304014.66,0,0
560,14/07/2023,2950,2996,-46,2306964.66,0,0
561,15/07/2023,3412.19,3466,-53.81,2310376.84,0,0
562,16/07/2023,1076.81,1093,-16.19,2311453.66,0,0
563,17/07/2023,3112.5,3159,-46.5,2314566.16,0,0
564,18/07/2023,3464.47,3522,-57.53,2318030.63,0,0
565,19/07/2023,2419.5,2456,-36.5,2320450.13,0,0
566,20/07/2023,3219.44,3270,-50.56,2323669.56,0,0
567,21/07/2023,2708.91,2749,-40.09,2326378.47,0,0
568,22/07/2023,2321.22,2355,-33.78,2328699.69,0,0
569,23/07/2023,1578.13,1599,-20.88,2330277.81,0,0
570,24/07/2023,1780.03,1806,-25.97,2332057.84,0,0
571,25/07/2023,1488.69,1511,-22.31,2333546.53,0,0
572,26/07/2023,1315.5,1337,-21.5,2334862.03,0,0
573,27/07/2023,2935.63,2979,-43.38,2337797.66,0,0
574,28/07/2023,2718,2755,-37,2340515.66,0,0
575,29/07/2023,2839.41,2881,-41.59,2343355.06,0,0
576,30/07/2023,1859.97,1887,-27.03,2345215.03,0,0
577,31/07/2023,3669.53,3727,-57.47,2348884.56,0,0
578,01/08/2023,3257.72,3305,-47.28,2352142.28,0,0
579,02/08/2023,3150.28,3195,-44.72,2355292.56,0,0
580,03/08/2023,3416.06,3465,-48.94,2358708.63,0,0
581,04/08/2023,3275.84,3327,-51.16,2361984.47,0,0
582,05/08/2023,3166.72,3216,-49.28,2365151.19,0,0
583,06/08/2023,930.13,944,-13.88,2366081.31,0,0
584,07/08/2023,3334.91,3387,-52.09,2369416.22,0,0
585,08/08/2023,3049.47,3094,-44.53,2372465.69,0,0
586,09/08/2023,3519.31,3580,-60.69,2375985,0,0
587,10/08/2023,3517.03,3578,-60.97,2379502.03,0,0
588,11/08/2023,2788.63,2836,-47.38,2382290.66,0,0
589,12/08/2023,2063.56,2099,-35.44,2384354.22,0,0
590,13/08/2023,2271.31,2303,-31.69,2386625.53,0,0
591,14/08/2023,3510,3566,-56,2390135.53,0,0
592,15/08/2023,430.69,439,-8.31,2390566.22,0,0
593,16/08/2023,3731.56,3792.14,-60.58,2394297.78,0,0
594,17/08/2023,3601,3661.14,-60.14,2397898.78,0,0
595,18/08/2023,2804.78,2843.14,-38.35,2400703.56,0,0
596,19/08/2023,2544.31,2578.59,-34.28,2403247.88,0,0
597,20/08/2023,1666.72,1691,-24.28,2404914.59,0,0
598,21/08/2023,3727.19,3793,-65.81,2408641.78,0,0
599,22/08/2023,2913.47,2963,-49.53,2411555.25,0,0
600,23/08/2023,3288.13,3344,-55.88,2414843.38,0,0
601,24/08/2023,3436.69,3495,-58.31,2418280.06,0,0
602,25/08/2023,3684.94,3748,-63.06,2421965,0,0
603,26/08/2023,3202.41,3257,-54.59,2425167.41,0,0
604,27/08/2023,693.34,703,-9.66,2425860.75,0,0
605,28/08/2023,3657.66,3721,-63.34,2429518.41,0,0
606,29/08/2023,2846.59,2895,-48.41,2432365,0,0
607,30/08/2023,3207.75,3263,-55.25,2435572.75,0,0
608,31/08/2023,2802.22,2849,-46.78,2438374.97,0,0
609,01/09/2023,3582.56,3650,-67.44,2441957.53,0,0
610,02/09/2023,2887.22,2935,-47.78,2444844.75,0,0
611,03/09/2023,1777.5,1805,-27.5,2446622.25,0,0
612,04/09/2023,2148.75,2182,-33.25,2448771,0,0
613,05/09/2023,1976.03,2005,-28.97,2450747.03,0,0
614,06/09/2023,2663.09,2703,-39.91,2453410.13,0,0
615,07/09/2023,2984.06,3031,-46.94,2456394.19,0,0
616,08/09/2023,2833.66,2876,-42.34,2459227.84,0,0
617,09/09/2023,3784,3851,-67,2463011.84,0,0
618,10/09/2023,641.75,602,39.75,2463653.59,0,0
619,11/09/2023,3501.63,2893,608.63,2467155.22,0,0
620,12/09/2023,3865.34,3182,683.34,2471020.56,0,0
621,13/09/2023,3933.28,3241,692.28,2474953.84,0,0
622,14/09/2023,3753.94,3100,653.94,2478707.78,0,0
623,15/09/2023,3657.94,3021,636.94,2482365.72,0,0
624,16/09/2023,2848.5,2354,494.5,2485214.22,0,0
625,17/09/2023,2042.47,1672,370.47,2487256.69,0,0
626,18/09/2023,4164.06,3437,727.06,2491420.75,0,0
627,19/09/2023,4678.03,3864,814.03,2496098.78,0,0
628,20/09/2023,4245.09,3503,742.09,2500343.88,0,0
629,21/09/2023,3265.41,2699,566.41,2503609.28,0,0
630,22/09/2023,4516.31,3732,784.31,2508125.59,0,0
631,23/09/2023,4485.28,3697,788.28,2512610.88,0,0
632,24/09/2023,1379.56,1127,252.56,2513990.44,0,0
633,25/09/2023,3395.84,2810,585.84,2517386.28,0,0
634,26/09/2023,4046.84,3335,711.84,2521433.13,0,0
635,27/09/2023,4550.03,3748,802.03,2525983.16,0,0
636,28/09/2023,3175.28,2628,547.28,2529158.44,0,0
637,29/09/2023,3601.69,2981,620.69,2532760.13,0,0
638,30/09/2023,3228.84,2667,561.84,2535988.97,0,0
639,01/10/2023,1096.72,905,191.72,2537085.69,0,0
640,02/10/2023,1320.34,1075,245.34,2538406.03,0,0
641,03/10/2023,4500.09,3714,786.09,2542906.13,0,0
642,04/10/2023,4569.72,3783,786.72,2547475.84,0,0
643,05/10/2023,4228.88,3504,724.88,2551704.72,0,0
644,06/10/2023,3729.75,3087,642.75,2555434.47,0,0
645,07/10/2023,3038.09,2518,520.09,2558472.56,0,0
646,08/10/2023,992,817,175,2559464.56,0,0
647,09/10/2023,2319.41,1922,397.41,2561783.97,0,0
648,10/10/2023,3391.59,2807,584.59,2565175.56,0,0
649,11/10/2023,2416,2008,408,2567591.56,0,0
650,12/10/2023,3253.59,2692,561.59,2570845.16,0,0
651,13/10/2023,4797.66,3973,824.66,2575642.81,0,0
652,14/10/2023,4123.94,3412,711.94,2579766.75,0,0
653,15/10/2023,673.66,551,122.66,2580440.41,0,0
654,16/10/2023,2939.63,2428,511.63,2583380.03,0,0
655,17/10/2023,3314.59,2695.48,619.12,2586694.63,0,0
656,18/10/2023,3563.34,2892.48,670.87,2590257.97,0,0
657,19/10/2023,3659.66,2948.48,711.18,2593917.63,0,0
658,20/10/2023,3684.84,2956.48,728.37,2597602.47,0,0
659,21/10/2023,2875.88,2215.48,660.4,2600478.34,0,0
660,22/10/2023,2229.72,1606.48,623.24,2602708.06,0,0
661,23/10/2023,2087.31,1497.69,589.62,2604795.38,0,0
662,24/10/2023,2926.44,2115.69,810.75,2607721.81,0,0
663,25/10/2023,2879.25,2083.69,795.56,2610601.06,0,0
664,26/10/2023,2691.34,1947.69,743.65,2613292.41,0,0
665,27/10/2023,2624.06,1918.92,705.15,2615916.47,0,0
666,28/10/2023,2724.19,2075.11,649.08,2618640.66,0,0
667,29/10/2023,1908.75,1494.11,414.64,2620549.41,0,0
668,30/10/2023,1753.66,1332.11,421.55,2622303.06,0,0
669,31/10/2023,2165.63,1650.11,515.52,2624468.69,0,0
670,01/11/2023,2115.25,1604.11,511.14,2626583.94,0,0
671,02/11/2023,2267.72,1724.11,543.61,2628851.66,0,0
672,03/11/2023,2565.81,1952.11,613.71,2631417.47,0,0
673,04/11/2023,1975.94,1506.11,469.83,2633393.41,0,0
674,05/11/2023,926.34,708.11,218.24,2634319.75,0,0
675,06/11/2023,2114.19,1612.11,502.08,2636433.94,0,0
676,07/11/2023,2010.06,1527.11,482.96,2638444,0,0
677,08/11/2023,1997.69,1521.11,476.58,2640441.69,0,0
678,09/11/2023,1660.09,1268.11,391.99,2642101.78,0,0
679,10/11/2023,2225.13,1689.09,536.03,2644326.91,0,0
680,11/11/2023,1061.81,864,197.81,2645388.72,0,0
681,12/11/2023,825.09,671,154.09,2646213.81,0,0
682,13/11/2023,770.66,626,144.66,2646984.47,0,0
683,14/11/2023,1951.88,1620,331.88,2648936.34,0,0
684,15/11/2023,3224.19,2664,560.19,2652160.53,0,0
685,16/11/2023,2852.06,2354,498.06,2655012.59,0,0
686,17/11/2023,3640.97,3007,633.97,2658653.56,0,0
687,18/11/2023,3403.44,2808,595.44,2662057,0,0
688,19/11/2023,756.69,615,141.69,2662813.69,0,0
689,20/11/2023,3471.59,2865,606.59,2666285.28,0,0
690,21/11/2023,2568.03,2125,443.03,2668853.31,0,0
691,22/11/2023,2256.63,1869,387.63,2671109.94,0,0
692,23/11/2023,2245.88,1861,384.88,2673355.81,0,0
693,24/11/2023,2504.34,2071,433.34,2675860.16,0,0
694,25/11/2023,2086.63,1729,357.63,2677946.78,0,0
695,26/11/2023,1282.84,1041,241.84,2679229.63,0,0
696,27/11/2023,3302.38,2725,577.38,2682532,0,0
697,28/11/2023,3201.09,2647,554.09,2685733.09,0,0
698,29/11/2023,2571.94,2129,442.94,2688305.03,0,0
699,30/11/2023,2409.53,1987,422.53,2690714.56,0,0
700,01/12/2023,1812.16,1502,310.16,2692526.72,0,0
701,02/12/2023,2745.41,2270,475.41,2695272.13,0,0
702,03/12/2023,1293.31,1065,228.31,2696565.44,0,0
703,04/12/2023,1369.22,1140,229.22,2697934.66,0,0
704,05/12/2023,2879.91,2378,501.91,2700814.56,0,0
705,06/12/2023,2985.25,2459,526.25,2703799.81,0,0
706,07/12/2023,2980.03,2466,514.03,2706779.84,0,0
707,08/12/2023,2428.28,2012,416.28,2709208.13,0,0
708,09/12/2023,1925.41,1594,331.41,2711133.53,0,0
709,10/12/2023,1946.78,1594,352.78,2713080.31,0,0
710,11/12/2023,3139.53,2590,549.53,2716219.84,0,0
711,12/12/2023,3000.22,2481,519.22,2719220.06,0,0
712,13/12/2023,2923.81,2408,515.81,2722143.88,0,0
713,14/12/2023,3017.66,2492,525.66,2725161.53,0,0
714,15/12/2023,1858.75,1535,323.75,2727020.28,0,0
715,16/12/2023,2412.25,1986,426.25,2729432.53,0,0
716,17/12/2023,1562,1289,273,2730994.53,0,0
717,18/12/2023,1448.94,1200,248.94,2732443.47,0,0
718,19/12/2023,3487.28,2872,615.28,2735930.75,0,0
719,20/12/2023,2157.22,1784,373.22,2738087.97,0,0
720,21/12/2023,2501.88,2066,435.88,2740589.84,0,0
721,22/12/2023,3359.44,2769,590.44,2743949.28,0,0
722,23/12/2023,3599.22,2959,640.22,2747548.5,0,0
723,24/12/2023,1904,1548,356,2749452.5,0,0
724,25/12/2023,171.31,141,30.31,2749623.81,0,0
725,26/12/2023,4093.69,3352,741.69,2753717.5,0,0
726,27/12/2023,4157.47,3422,735.47,2757874.97,0,0
727,28/12/2023,2580.53,2130,450.53,2760455.5,0,0
728,29/12/2023,2291.66,1893,398.66,2762747.16,0,0
729,30/12/2023,3630.31,2995,635.31,2766377.47,0,0
730,31/12/2023,1339.28,1086,253.28,2767716.75,0,0
731,01/01/2024,3724,3067,657,2771440.75,0,0
732,02/01/2024,2890.97,2390,500.97,2774331.72,0,0
733,03/01/2024,2310.16,1914,396.16,2776641.88,0,0
734,04/01/2024,2154.91,1787,367.91,2778796.78,0,0
735,05/01/2024,2402.59,1989,413.59,2781199.38,0,0
736,06/01/2024,3217.94,2652,565.94,2784417.31,0,0
737,07/01/2024,1881.5,1540,341.5,2786298.81,0,0
738,08/01/2024,1103.31,915,188.31,2787402.13,0,0
739,09/01/2024,2152.81,1765,387.81,2789554.94,0,0
740,10/01/2024,2593.28,2140,453.28,2792148.22,0,0
741,11/01/2024,3862.13,3166,696.13,2796010.34,0,0
742,12/01/2024,3909.38,3216,693.38,2799919.72,0,0
743,13/01/2024,2833.06,2323,510.06,2802752.78,0,0
744,14/01/2024,638.22,527,111.22,2803391,0,0
745,15/01/2024,975.78,976.07,-0.29,2804366.78,0,0
746,16/01/2024,0.22,16.06,-15.85,2804367,0,0
747,17/01/2024,2123.78,2162.24,-38.46,2806490.78,0,0
748,18/01/2024,2153,2201.65,-48.65,2808643.78,0,0
749,19/01/2024,3126.44,2697.97,428.46,2811770.22,0,0
750,20/01/2024,3555.53,2927,628.53,2815325.75,0,0
751,21/01/2024,1113.72,895,218.72,2816439.47,0,0
752,22/01/2024,3624.47,2977,647.47,2820063.94,0,0
753,23/01/2024,2582.81,2129,453.81,2822646.75,0,0
754,24/01/2024,2502.34,2180,322.34,2825149.09,0,0
755,25/01/2024,3357.31,2764,593.31,2828506.41,0,0
756,26/01/2024,2022.53,1656,366.53,2830528.94,0,0
757,27/01/2024,3429.19,2815,614.19,2833958.13,0,0
758,28/01/2024,1975.72,1626,349.72,2835933.84,0,0
759,29/01/2024,4023.72,3339,684.72,2839957.56,0,0
760,30/01/2024,4042.69,3333,709.69,2844000.25,0,0
761,31/01/2024,3817.22,3163,654.22,2847817.47,0,0
762,01/02/2024,3795.91,3121,674.91,2851613.38,0,0
763,02/02/2024,2303.78,1904,399.78,2853917.16,0,0
764,03/02/2024,3561.53,2961,600.53,2857478.69,0,0
765,04/02/2024,1800.69,1463,337.69,2859279.38,0,0
766,05/02/2024,4044.38,3331,713.38,2863323.75,0,0
767,06/02/2024,4027.59,3316,711.59,2867351.34,0,0
768,07/02/2024,4148.09,3421,727.09,2871499.44,0,0
769,08/02/2024,3993.81,3317,676.81,2875493.25,0,0
770,09/02/2024,4157.22,3450,707.22,2879650.47,0,0
771,10/02/2024,4015.69,3318,697.69,2883666.16,0,0
772,11/02/2024,1723.94,1387,336.94,2885390.09,0,0
773,12/02/2024,4695.06,3857,838.06,2890085.16,0,0
774,13/02/2024,4534.16,3726,808.16,2894619.31,0,0
775,14/02/2024,4239.72,3505,734.72,2898859.03,0,0
776,15/02/2024,4398.16,3618,780.16,2903257.19,0,0
777,16/02/2024,4345.63,3572,773.63,2907602.81,0,0
778,17/02/2024,4246.13,3440,806.13,2911848.94,0,0
779,18/02/2024,1260.38,1020,240.38,2913109.31,0,0
780,19/02/2024,4138.28,3411,727.28,2917247.59,0,0
781,20/02/2024,4380.53,3625,755.53,2921628.13,0,0
782,21/02/2024,3445.31,2853,592.31,2925073.44,0,0
783,22/02/2024,3770,3112,658,2928843.44,0,0
784,23/02/2024,4060.41,3361,699.41,2932903.84,0,0
785,24/02/2024,3378.72,2798,580.72,2936282.56,0,0
786,25/02/2024,1968.63,1613,355.63,2938251.19,0,0
787,26/02/2024,3423,3480,-57,2941674.19,0,0
788,27/02/2024,3449.5,3511,-61.5,2945123.69,0,0
789,28/02/2024,3710,3780,-70,2948833.69,0,0
790,29/02/2024,3794,3863,-69,2952627.69,0,0
791,01/03/2024,3726.25,3793,-66.75,2956353.94,0,0
792,02/03/2024,3356,3416,-60,2959709.94,0,0
793,03/03/2024,1280.25,1299,-18.75,2960990.19,0,0
794,04/03/2024,3615,3683,-68,2964605.19,0,0
795,05/03/2024,3712.5,3784,-71.5,2968317.69,0,0
796,06/03/2024,3381.75,3447,-65.25,2971699.44,0,0
797,07/03/2024,3608.75,3677,-68.25,2975308.19,0,0
798,08/03/2024,2956.5,3013,-56.5,2978264.69,0,0
799,09/03/2024,3192.75,3251,-58.25,2981457.44,0,0
800,10/03/2024,1689.75,1719,-29.25,2983147.19,0,0
801,11/03/2024,3574.75,3641,-66.25,2986721.94,0,0
802,12/03/2024,3670.75,3737,-66.25,2990392.69,0,0
803,13/03/2024,3330,3393,-63,2993722.69,0,0
804,14/03/2024,2462.25,2510.17,-47.92,2996184.94,0,0
805,15/03/2024,3052,3102.83,-50.83,2999236.94,0,0
806,16/03/2024,3534.75,3599,-64.25,3002771.69,0,0
807,17/03/2024,3437.75,3500,-62.25,3006209.44,0,0
808,18/03/2024,3678.75,3747,-68.25,3009888.19,0,0
809,19/03/2024,3681.25,3750,-68.75,3013569.44,0,0
810,20/03/2024,3552.75,3618,-65.25,3017122.19,0,0
811,21/03/2024,3786,3856,-70,3020908.19,0,0
812,22/03/2024,3133.75,3192,-58.25,3024041.94,0,0
813,23/03/2024,3500,3567,-67,3027541.94,0,0
814,24/03/2024,3786.25,3853,-66.75,3031328.19,0,0
815,25/03/2024,3732.25,3801,-68.75,3035060.44,0,0
816,26/03/2024,3874.75,3946,-71.25,3038935.19,0,0
817,27/03/2024,4026.75,4103,-76.25,3042961.94,0,0
818,28/03/2024,3949.5,4027,-77.5,3046911.44,0,0
819,29/03/2024,3780.25,3852,-71.75,3050691.69,0,0
820,30/03/2024,3888,3961,-73,3054579.69,0,0
821,31/03/2024,3917.5,3996,-78.5,3058497.19,0,0
822,01/04/2024,3548.25,3616,-67.75,3062045.44,0,0
823,02/04/2024,3821.25,3894,-72.75,3065866.69,0,0
824,03/04/2024,3774,3845,-71,3069640.69,0,0
825,04/04/2024,3991.5,4068,-76.5,3073632.19,0,0
826,05/04/2024,3747,3823,-76,3077379.19,0,0
827,06/04/2024,3598.25,3668,-69.75,3080977.44,0,0
828,07/04/2024,3875,3947,-72,3084852.44,0,0
829,08/04/2024,4110.5,4192,-81.5,3088962.94,0,0
830,09/04/2024,4036,4112,-76,3092998.94,0,0
831,10/04/2024,4007.5,4084,-76.5,3097006.44,0,0
832,11/04/2024,4018.25,4095,-76.75,3101024.69,0,0
833,12/04/2024,3416.5,3478,-61.5,3104441.19,0,0
834,13/04/2024,3761.25,3833,-71.75,3108202.44,0,0
835,14/04/2024,3736.5,3805,-68.5,3111938.94,0,0
836,15/04/2024,4040.25,4116,-75.75,3115979.19,0,0
837,16/04/2024,4015.5,4093,-77.5,3119994.69,0,0
838,17/04/2024,3491,3555,-64,3123485.69,0,0
839,18/04/2024,3157.25,3215,-57.75,3126642.94,0,0
840,19/04/2024,3078.25,3135,-56.75,3129721.19,0,0
841,20/04/2024,2974.5,3022,-47.5,3132695.69,0,0
842,21/04/2024,2415,2458,-43,3135110.69,0,0
843,22/04/2024,3846.75,3925,-78.25,3138957.44,0,0
844,23/04/2024,4040.25,4118,-77.75,3142997.69,0,0
845,24/04/2024,3912.25,3986,-73.75,3146909.94,0,0
846,25/04/2024,3688.5,3760,-71.5,3150598.44,0,0
847,26/04/2024,3885.5,3957,-71.5,3154483.94,0,0
848,27/04/2024,4027.5,4106,-78.5,3158511.44,0,0
849,28/04/2024,4003.5,4080,-76.5,3162514.94,0,0
850,29/04/2024,3919.5,3996,-76.5,3166434.44,0,0
851,30/04/2024,3900.25,3975,-74.75,3170334.69,0,0
852,01/05/2024,3353.5,3414,-60.5,3173688.19,0,0
853,02/05/2024,3027.75,3084,-56.25,3176715.94,0,0
854,03/05/2024,2156,2198,-42,3178871.94,0,0
855,04/05/2024,3619.5,3686,-66.5,3182491.44,0,0
856,05/05/2024,717,725,-8,3183208.44,0,0
857,06/05/2024,3425.5,3489,-63.5,3186633.94,0,0
858,07/05/2024,3779,3849,-70,3190412.94,0,0
859,08/05/2024,3572,3641,-69,3193984.94,0,0
860,09/05/2024,2819.5,2867,-47.5,3196804.44,0,0
861,10/05/2024,2863,2916,-53,3199667.44,0,0
862,11/05/2024,2932,2986,-54,3202599.44,0,0
863,12/05/2024,2163.25,2201,-37.75,3204762.69,0,0
864,13/05/2024,3355.75,3416,-60.25,3208118.44,0,0
865,14/05/2024,2981.75,3035,-53.25,3211100.19,0,0
866,15/05/2024,3094.75,3149,-54.25,3214194.94,0,0
867,16/05/2024,2231.5,2270,-38.5,3216426.44,0,0
868,17/05/2024,1239.75,1262,-22.25,3217666.19,0,0
869,18/05/2024,2730,2778,-48,3220396.19,0,0
870,19/05/2024,1622.5,1651,-28.5,3222018.69,0,0
871,20/05/2024,2353,2394,-41,3224371.69,0,0
872,21/05/2024,2098.5,2133,-34.5,3226470.19,0,0
873,22/05/2024,3479,3540,-61,3229949.19,0,0
874,23/05/2024,3382.25,3445,-62.75,3233331.44,0,0
875,24/05/2024,2579.25,2625,-45.75,3235910.69,0,0
876,25/05/2024,2122,2152,-30,3238032.69,0,0
877,26/05/2024,2815.25,2862,-46.75,3240847.94,0,0
878,27/05/2024,3464.5,3522,-57.5,3244312.44,0,0
879,28/05/2024,3152.5,3203,-50.5,3247464.94,0,0
880,29/05/2024,3373.5,3431,-57.5,3250838.44,0,0
881,30/05/2024,3533,3591,-58,3254371.44,0,0
882,31/05/2024,3539.25,3605,-65.75,3257910.69,0,0
883,01/06/2024,2691.75,2741,-49.25,3260602.44,0,0
884,02/06/2024,3525.75,3591,-65.25,3264128.19,0,0
885,03/06/2024,2991.25,3045,-53.75,3267119.44,0,0
886,04/06/2024,3356.75,3412,-55.25,3270476.19,0,0
887,05/06/2024,2680.75,2728,-47.25,3273156.94,0,0
888,06/06/2024,2888.25,2933,-44.75,3276045.19,0,0
889,07/06/2024,2589.25,2639,-49.75,3278634.44,0,0
890,08/06/2024,3499.25,3555,-55.75,3282133.69,0,0
891,09/06/2024,3281.25,3334,-52.75,3285414.94,0,0
892,10/06/2024,3495.25,3553,-57.75,3288910.19,0,0
893,11/06/2024,2851,2896,-45,3291761.19,0,0
894,12/06/2024,2709.5,2754,-44.5,3294470.69,0,0
895,13/06/2024,3762.5,3826,-63.5,3298233.19,0,0
896,14/06/2024,3227.75,3276,-48.25,3301460.94,0,0
897,15/06/2024,3761.25,3827,-65.75,3305222.19,0,0
898,16/06/2024,816.75,832,-15.25,3306038.94,0,0
899,17/06/2024,3527.75,3591,-63.25,3309566.69,0,0
900,18/06/2024,2677.25,2723,-45.75,3312243.94,0,0
901,19/06/2024,2684.75,2732,-47.25,3314928.69,0,0
902,20/06/2024,3113.25,3165,-51.75,3318041.94,0,0
903,21/06/2024,3233.75,3288,-54.25,3321275.69,0,0
904,22/06/2024,2924.25,2970,-45.75,3324199.94,0,0
905,23/06/2024,2910,2957,-47,3327109.94,0,0
906,24/06/2024,3038.75,3090,-51.25,3330148.69,0,0
907,25/06/2024,2708,2751,-43,3332856.69,0,0
908,26/06/2024,2293.5,2327,-33.5,3335150.19,0,0
909,27/06/2024,1405.75,1427,-21.25,3336555.94,0,0
910,28/06/2024,3216.5,3273,-56.5,3339772.44,0,0
911,29/06/2024,2687.25,2732,-44.75,3342459.69,0,0
912,30/06/2024,2420.25,2456,-35.75,3344879.94,0,0
913,01/07/2024,2082.75,2115,-32.25,3346962.69,0,0
914,02/07/2024,2408.5,2449,-40.5,3349371.19,0,0
915,03/07/2024,2780.5,2825,-44.5,3352151.69,0,0
916,04/07/2024,2234,2270,-36,3354385.69,0,0
917,05/07/2024,2852,2897,-45,3357237.69,0,0
918,06/07/2024,2228.75,2264,-35.25,3359466.44,0,0
919,07/07/2024,2827,2872,-45,3362293.44,0,0
920,08/07/2024,2563.5,2605,-41.5,3364856.94,0,0
921,09/07/2024,2378,2413,-35,3367234.94,0,0
922,10/07/2024,3543.5,3607,-63.5,3370778.44,0,0
923,11/07/2024,3524.5,3587,-62.5,3374302.94,0,0
924,12/07/2024,3321.5,3380,-58.5,3377624.44,0,0
925,13/07/2024,1803,1833,-30,3379427.44,0,0
926,14/07/2024,1659.75,1686,-26.25,3381087.19,0,0
927,15/07/2024,1264.5,1287,-22.5,3382351.69,0,0
928,16/07/2024,1908.25,1940,-31.75,3384259.94,0,0
929,17/07/2024,2310,2347,-37,3386569.94,0,0
930,18/07/2024,1561.5,1585,-23.5,3388131.44,0,0
931,19/07/2024,1473,1498,-25,3389604.44,0,0
932,20/07/2024,2282.75,2319,-36.25,3391887.19,0,0
933,21/07/2024,1751,1782,-31,3393638.19,0,0
934,22/07/2024,2488.25,2529,-40.75,3396126.44,0,0
935,23/07/2024,2250.75,2289,-38.25,3398377.19,0,0
936,24/07/2024,1977.5,2008,-30.5,3400354.69,0,0
937,25/07/2024,2062.5,2097,-34.5,3402417.19,0,0
938,26/07/2024,1479.25,1504,-24.75,3403896.44,0,0
939,27/07/2024,2290,2327,-37,3406186.44,0,0
940,28/07/2024,2142,2180,-38,3408328.44,0,0
941,29/07/2024,2115.75,2148,-32.25,3410444.19,0,0
942,30/07/2024,2209,2247,-38,3412653.19,0,0
943,31/07/2024,2397.75,2439,-41.25,3415050.94,0,0
944,01/08/2024,2977.25,3030,-52.75,3418028.19,0,0
945,02/08/2024,2212.75,2250,-37.25,3420240.94,0,0
946,03/08/2024,2902.5,2952,-49.5,3423143.44,0,0
947,04/08/2024,3036.25,3089,-52.75,3426179.69,0,0
948,05/08/2024,2521.75,2567,-45.25,3428701.44,0,0
949,06/08/2024,2367.75,2409,-41.25,3431069.19,0,0
950,07/08/2024,2416.75,2457,-40.25,3433485.94,0,0
951,08/08/2024,2431.5,2473,-41.5,3435917.44,0,0
952,09/08/2024,3166.75,3225,-58.25,3439084.19,0,0
953,10/08/2024,3267.75,3327,-59.25,3442351.94,0,0
954,11/08/2024,3044.5,3098,-53.5,3445396.44,0,0
955,12/08/2024,2933.5,2989,-55.5,3448329.94,0,0
956,13/08/2024,2857,2906,-49,3451186.94,0,0
957,14/08/2024,3445.25,3512,-66.75,3454632.19,0,0
958,15/08/2024,3200,3261,-61,3457832.19,0,0
959,16/08/2024,2546.5,2592,-45.5,3460378.69,0,0
960,17/08/2024,2885.75,2939,-53.25,3463264.44,0,0
961,18/08/2024,2829.25,2885,-55.75,3466093.69,0,0
962,19/08/2024,3128.25,3188,-59.75,3469221.94,0,0
963,20/08/2024,3175,3236,-61,3472396.94,0,0
964,21/08/2024,2989.75,3043,-53.25,3475386.69,0,0
965,22/08/2024,3588.75,3653,-64.25,3478975.44,0,0
966,23/08/2024,3629.75,3696,-66.25,3482605.19,0,0
967,24/08/2024,3342,3401,-59,3485947.19,0,0
968,25/08/2024,3058.5,3108,-49.5,3489005.69,0,0
969,26/08/2024,2605.25,2650,-44.75,3491610.94,0,0
970,27/08/2024,2667,2713,-46,3494277.94,0,0
971,28/08/2024,2121.5,2158,-36.5,3496399.44,0,0
972,29/08/2024,2105.75,2141,-35.25,3498505.19,0,0
973,30/08/2024,2492.5,2536,-43.5,3500997.69,0,0
974,31/08/2024,2344,2380,-36,3503341.69,0,0
975,01/09/2024,672.75,689,-16.25,3504014.44,0,0
976,02/09/2024,3082.75,3141,-58.25,3507097.19,0,0
977,03/09/2024,2893.75,2944,-50.25,3509990.94,0,0
978,04/09/2024,3231.75,3288,-56.25,3513222.69,0,0
979,05/09/2024,3071.25,3127,-55.75,3516293.94,0,0
980,06/09/2024,2552,2596,-44,3518845.94,0,0
981,07/09/2024,2433.25,2477,-43.75,3521279.19,0,0
982,08/09/2024,2780.75,2826,-45.25,3524059.94,0,0
983,09/09/2024,2472.75,2517,-44.25,3526532.69,0,0
984,10/09/2024,3228.25,3084,144.25,3529760.94,0,0
985,11/09/2024,3504,3303,201,3533264.94,0,0
986,12/09/2024,2874,2924,-50,3536138.94,0,0
987,13/09/2024,3412.25,3476,-63.75,3539551.19,0,0
988,14/09/2024,3286.25,3349,-62.75,3542837.44,0,0
989,15/09/2024,3337.5,3398,-60.5,3546174.94,0,0
990,16/09/2024,3649.5,3720,-70.5,3549824.44,0,0
991,17/09/2024,3172.75,3231,-58.25,3552997.19,0,0
992,18/09/2024,3939,4017,-78,3556936.19,0,0
993,19/09/2024,3610.5,3682,-71.5,3560546.69,0,0
994,20/09/2024,3528.5,3595,-66.5,3564075.19,0,0
995,21/09/2024,3150.25,3211,-60.75,3567225.44,0,0
996,22/09/2024,3170,3227,-57,3570395.44,0,0
997,23/09/2024,2882.5,2934,-51.5,3573277.94,0,0
998,24/09/2024,2135,2174,-39,3575412.94,0,0
999,25/09/2024,3007.75,3062,-54.25,3578420.69,0,0
1000,26/09/2024,2095,2132,-37,3580515.69,0,0
1001,27/09/2024,2848,2899,-51,3583363.69,0,0
1002,28/09/2024,2559.25,2607,-47.75,3585922.94,0,0
1003,29/09/2024,3281.25,3342,-60.75,3589204.19,0,0
1004,30/09/2024,2997.75,3059,-61.25,3592201.94,0,0
1005,01/10/2024,3134,3197,-63,3595335.94,0,0
1006,02/10/2024,3463.25,3534,-70.75,3598799.19,0,0
1007,03/10/2024,3477.25,3539,-61.75,3602276.44,0,0
1008,04/10/2024,2649.75,2701,-51.25,3604926.19,0,0
1009,05/10/2024,2191.75,2235,-43.25,3607117.94,0,0
1010,06/10/2024,2669,2715,-46,3609786.94,0,0
1011,07/10/2024,2582.5,2631,-48.5,3612369.44,0,0
1012,08/10/2024,2603,2651,-48,3614972.44,0,0
1013,09/10/2024,2739.5,2790,-50.5,3617711.94,0,0
1014,10/10/2024,2732.75,2784,-51.25,3620444.69,0,0
1015,11/10/2024,2407,2445,-38,3622851.69,0,0
1016,12/10/2024,2105,2142,-37,3624956.69,0,0
1017,13/10/2024,1857.25,1890,-32.75,3626813.94,0,0
1018,14/10/2024,1487,1514,-27,3628300.94,0,0
Grand Total,,2811628.76,2781118.31,0,0,0,0